{"cameraMode":{"drawMode":0,"name":"Shaded","section":"Shading Mode"},"sceneLighting":true,"audioPlay":false,"sceneViewState":{"m_AlwaysRefresh":false,"showFog":true,"showSkybox":true,"showFlares":true,"showImageEffects":true,"showParticleSystems":true,"showVisualEffectGraphs":true,"m_FxEnabled":true},"in2DMode":false,"pivot":{"x":0.045669399201869968,"y":1.1537543535232545,"z":0.48609471321105959},"rotation":{"x":-0.019803296774625779,"y":0.024645589292049409,"z":-0.00046862734598107636,"w":-0.999576985836029},"size":0.33029860258102419,"orthographic":true}